DROP TABLE IF EXISTS orders;
DROP TABLE IF EXISTS customer;
DROP TABLE IF EXISTS salesman;
DROP TABLE IF EXISTS company_mast;
DROP TABLE IF EXISTS item_mast;

CREATE TABLE salesman (
    salesman_id INT PRIMARY KEY,
    name VARCHAR(50),
    city VARCHAR(50),
    commission DECIMAL(4,2)
);

INSERT INTO salesman VALUES
(5001, 'James Hoog', 'New York', 0.15),
(5002, 'Nail Knite', 'Paris', 0.13),
(5005, 'Pit Alex', 'London', 0.11),
(5006, 'Mc Lyon', 'Paris', 0.14),
(5007, 'Paul Adam', 'Rome', 0.13),
(5003, 'Lauson Hen', 'San Jose', 0.12);

CREATE TABLE customer (
    customer_id INT PRIMARY KEY,
    cust_name VARCHAR(50),
    city VARCHAR(50),
    grade INT NULL,
    salesman_id INT,
    FOREIGN KEY (salesman_id) REFERENCES salesman(salesman_id)
);

INSERT INTO customer VALUES
(3002, 'Nick Rimando', 'New York', 100, 5001),
(3007, 'Brad Davis', 'New York', 200, 5001),
(3005, 'Graham Zusi', 'California', 200, 5002),
(3008, 'Julian Green', 'London', 300, 5002),
(3004, 'Fabian Johnson', 'Paris', 300, 5006),
(3009, 'Geoff Cameron', 'Berlin', 100, 5003),
(3003, 'Jozy Altidor', 'Moscow', 200, 5007),
(3001, 'Brad Guzan', 'London', NULL, 5005);


CREATE TABLE orders (
    ord_no INT PRIMARY KEY,
    purch_amt DECIMAL(10,2),
    ord_date DATE,
    customer_id INT,
    salesman_id INT,
    FOREIGN KEY (customer_id) REFERENCES customer(customer_id),
    FOREIGN KEY (salesman_id) REFERENCES salesman(salesman_id)
);

INSERT INTO orders VALUES
(70001, 150.5, '2012-10-05', 3005, 5002),
(70009, 270.65, '2012-09-10', 3001, 5005),
(70002, 65.26, '2012-10-05', 3002, 5001),
(70004, 110.5, '2012-08-17', 3009, 5003),
(70007, 948.5, '2012-09-10', 3005, 5002),
(70005, 2400.6, '2012-07-27', 3007, 5001),
(70008, 5760, '2012-09-10', 3002, 5001),
(70010, 1983.43, '2012-10-10', 3004, 5006),
(70003, 2480.4, '2012-10-10', 3009, 5003),
(70012, 250.45, '2012-06-27', 3008, 5002),
(70011, 75.29, '2012-08-17', 3003, 5007),
(70013, 3045.6, '2012-04-25', 3002, 5001);

CREATE TABLE company_mast (
    com_id INT PRIMARY KEY,
    com_name VARCHAR(50)
);

INSERT INTO company_mast VALUES
(11, 'Samsung'),
(12, 'iBall'),
(13, 'Epsion'),
(14, 'Zebronics'),
(15, 'Asus'),
(16, 'Frontech');


CREATE TABLE item_mast (
    pro_id INT PRIMARY KEY,
    pro_name VARCHAR(50),
    pro_price DECIMAL(10,2),
    pro_com INT,
    FOREIGN KEY (pro_com) REFERENCES company_mast(com_id)
);

INSERT INTO item_mast VALUES
(101, 'Mother Board', 3200.00, 15),
(102, 'Key Board', 450.00, 16),
(103, 'ZIP drive', 250.00, 14),
(104, 'Speaker', 550.00, 16),
(105, 'Monitor', 5000.00, 11),
(106, 'DVD drive', 900.00, 12),
(107, 'CD drive', 800.00, 12),
(108, 'Printer', 2600.00, 13),
(109, 'Refill cartridge', 350.00, 13),
(110, 'Mouse', 250.00, 12);

SELECT s.name AS Salesman, c.cust_name, c.city
FROM salesman s
JOIN customer c ON s.city = c.city;

